ID	BILL_ID	WORD
1	4590	GEAR
2	10083	PATH
3	13500	SAFE
4	13508	SAFER
5	13549	CHIPS
6	13598	SAVE
7	13626	WAGE
8	13982	HELP
9	14038	HELP
10	14062	HELP
11	14148	CARE
12	14375	CHAMP
13	14701	CARE
14	14799	VETS
15	14938	TRIP
16	15308	FARE
17	15468	SAFE
18	15590	ASSURE
19	15593	CRASH
20	15706	BEST
21	15712	GIVE
22	15892	PLUS
23	15973	COLLEGE
24	15999	KIDS
25	16383	LEAF
26	16422	CHIPS
27	16586	FIRE
28	16695	SEAL
29	16705	TEA
30	16924	PHAER
31	17208	ACE
32	17233	PAST
33	17266	QUEST
34	17409	JUMP
35	17507	REAL
36	17538	FAIR
37	17940	MORE
38	18381	CIDCARE
39	18406	REAL
40	18678	NET
41	18773	LEAF
42	19178	JUMP
43	19208	PROTECT
44	19299	IDEA
45	19380	SAVE
46	19635	BEST
47	19890	REAL
48	20040	LEAF
49	20209	CHART
50	20644	SAFE
51	20687	SAFER
52	20929	SEAL
53	20981	PHAER
54	21020	LEAF
55	21051	ACCESS
56	21203	CIDCARE
57	21397	JUMP
58	21493	TEA
59	21610	REAL
60	21743	JUMP
61	22056	PRIME
62	22291	AARM
63	22348	FAIR
64	22349	PIN
65	22365	ACE
66	22411	WINGS
67	22423	SAFER
68	22465	HERO
69	22483	FOCUS
70	22494	SAFE
71	22694	EPICS
72	22801	MEGA
73	22912	UPLIFT
74	22976	SAFE
75	23000	FOCUS
76	23072	RAVE
77	23203	SAVE
78	23216	RAVE
79	23429	ADAM
80	23475	MEGA
81	23553	STEP
82	23826	FAIR
83	23837	BRIDGE
84	23987	IMPACT
85	24028	SAFTE
86	24103	MEGA
87	24156	ACT
88	24288	SAFETY
89	24304	CLASS
90	24430	HELLO
91	24526	SAFE
92	24575	TOUR
93	24614	HEALTH
94	24654	MEGA
95	24658	TRIP
96	24782	CASA
97	24809	RAFT
98	24880	HEALTH
99	24895	MEGA
100	24895	RED
101	24936	GREEN
102	24984	PREPARE
103	25044	POWER
104	25065	USA
105	25175	FOCUS
106	25259	WAGE
107	25303	BLAST
108	25340	FAAST
109	25422	TEACH
110	25508	MENTOR
111	25698	CARE
112	25698	MD
113	25742	DREAM
114	25764	SAVE
115	25873	REACH
116	26033	CARE
117	26068	MEGA
118	26156	USA
119	26216	NET
120	26217	PROTECTION
121	26250	KIDS
122	26296	LEGACY
123	26439	SAFER
124	26441	SAFER
125	26623	COAST
126	26678	BREEZE
127	26741	GREATT
128	26741	IDEA
129	26805	USA
130	27048	BLAST
131	27091	MEGA
132	27117	ADAM
133	27197	ACT
134	27297	NEED
135	27331	CARGO
136	27371	LEADERS
137	27405	FAIR
138	27452	FOCUS
140	27734	BRIDGE
141	27899	COP
142	27899	NET
143	27903	RARE
144	27923	SAFE
145	27934	TERFF
146	27939	ACCESS
147	28103	CARE
148	28107	SAFER
149	28149	SAFER
150	28163	CARE
151	28171	REACH
152	28198	STOHP
153	28293	CEASE
154	28378	WORK
155	28403	RURAL
156	28437	HERO
157	28560	CORT
158	28859	KIDS
159	28901	NICE
160	28937	MEDS
161	28958	SAFE
162	28976	CASA
163	29079	SAFETY
164	29152	PREPARE
165	29153	SAFER
166	29166	STEP
167	29240	SAFE
168	29244	BLAST
169	29360	NOPEC
170	29604	CLASS
171	29611	DONATE
172	29638	FANS
173	29653	CLEAN
174	29653	UP
175	29832	INFORM
176	29921	WIRE
177	29976	FANS
178	30301	SPICE
179	30384	MEGA
180	30426	SAFE
181	30443	CARE
182	30443	MD
183	30476	PACT
184	30505	ACCESS
185	30599	HOPE
186	30612	SAFE
187	30634	CARE
188	30637	COAST
189	30706	FOCUS
191	30751	RELIEF
192	30987	STAND
193	31033	SMART
194	31048	SOS
195	31080	DROP
197	31280	RARE
198	31301	NEED
199	31424	SAFE
200	31503	ATM
201	31513	POWER
202	31518	FASTNET
203	31556	CAN
204	31556	SPAM
205	31564	REAP
206	31628	CARE
207	31829	TEACH
208	31833	USA
209	31903	CARE
210	32200	GAINS
211	32228	WIND
212	32358	LIFT
213	32377	USA
214	32400	USA
215	32412	TERFF
216	32516	GLIDER
217	32730	CARE
218	32744	ABC
219	32855	MEDS
220	32928	IMPACT
221	32949	SAFE
222	32953	FAIR
223	32974	TRUTH
224	33043	FARM
225	36337	MERIT
226	48796	MERIT
227	52621	ACTION
228	60209	WORC
229	61083	ACCESS
230	61095	FAIR
231	62848	WORC
232	64314	FAIR
233	65248	CARE
234	67372	CARE
235	70312	FAIR
236	82309	GEAR
237	92988	FUELS
238	93030	EACH
239	93076	FRAME
240	93080	BTU
241	93081	SAFE
242	93088	STORAGE
243	93099	CUT
244	93122	PRIME
245	93175	REAL
246	93191	JOBS
247	93209	CAMPUS
248	93228	GRAD
249	93282	FAST
250	93313	STRONG
251	93315	SNAP
252	93341	SAFER
253	93344	AT
254	93344	HOME
255	93345	AFFIRM
256	93363	PROMISE
257	93364	ABLE
258	93395	SMART
259	93422	STAND
260	93441	SAFE
261	93451	JOLT
262	93463	GAPS
263	93465	RATE
264	93565	REVAMP
265	93575	SCREEN
266	93658	WIN
267	93662	PHIT
268	93704	SHIELD
269	93742	LAND
270	93752	CHEW
271	93773	SAFE
272	93776	LEVEL
273	93793	PLEA
274	93814	SUPER
275	93815	LIFE
276	93815	PRO
277	93818	FRESHER
278	93831	FARMER
279	93879	CLEAN
280	93882	REACH
281	93891	HELLPP
282	93906	VALID
283	93987	SHUT
284	93992	BREATHE
285	93996	WIN
286	94013	STOP
287	94062	GREAT
288	94192	FIVE
289	94214	FAST
290	94215	BE
291	94215	SAFE
293	94220	CREDIT
294	94220	FAIR
295	94223	PACT
296	94233	RARE
297	94257	PAST
298	94266	SCREEN
299	94288	CREED
300	94305	PRIDE
301	94338	ABLE
302	94382	LINE
303	94389	STAPLE
304	94409	PACT
305	94410	PLUS
306	94417	PLAN
307	94447	TALENT
308	94470	PARTS
309	94494	STRONG
310	94532	METRICS
311	94539	PROSTATE
312	94553	LIBERT
313	94572	SAFE
314	94575	HOMES
315	94577	SERVE
316	94635	PRE
317	94660	CARP
318	94677	FACT
319	94686	COP
320	94713	ZERO
321	94714	EACH
322	94726	STALKERS
323	94755	REPEAL
324	94756	SAFE
325	94763	SAVE
326	94770	GPS
327	94782	BEER
328	94784	FUELS
329	94811	DATA
330	94830	STOP
331	94844	TRIP
332	94857	CLEAR
333	94905	REINS
334	94924	SHOP
335	94931	TALENT
336	94989	BE
337	94989	SAFE
338	95007	PRE
339	95011	CHURCH
340	95025	PLAQ
341	95030	FOR
342	95030	VETS
343	95031	FRAC
344	95055	APPS
345	95091	FOR
346	95091	VETS
347	95093	REBUILD
348	95112	GREEN
349	95118	SAVE
350	95127	MOVE
351	95159	SEAM
352	95186	SMART
353	95190	CAMPUS
354	95207	REFUND
355	95211	EASY
356	95218	STOP
357	95219	SNAP
358	95243	SAFER
359	95244	CARP
360	95300	SAFE
361	95325	PLUS
362	95344	NADA
363	95362	WAGES
364	95368	GAAP
365	95387	RUSH
366	95404	SAVE
367	95439	DASH
368	95440	CINEMA
369	95448	SAFE
370	95467	STELLAR
371	95477	SAFE
372	95524	VOTE
373	95536	SALUTE
374	95537	UPDATE
375	95561	SEAL
376	95564	GREAT
377	95603	TRUST
378	95608	PARTS
379	95615	PASS
380	95635	SAFER
381	95638	HEAL
382	95678	ATTIRE
383	95686	EXPENSE
384	95702	WIN
385	95703	NGEAR
386	95723	DREDGE
387	95724	FAULT
388	95738	HAVEN
389	95741	RAMP
390	95753	IMAGE
391	95760	HOME
392	95772	KNOCKS
393	95773	COST
394	95776	COP
395	95788	PIONEERS
396	95819	SANE
397	95821	GPS
398	95835	MOMS
399	95848	CARE
400	95873	SHIELD
401	95884	EPIC
402	95942	PORTS
403	95957	EXCEL
404	95966	LEARN
405	96003	RIVER
406	96006	VOTE
407	96010	SAFER
408	96040	PROTECT
409	96043	DREDGE
410	96048	STEP
411	96061	PRIME
412	96085	MARCH
413	96093	ENLIST
414	96127	CLAIM
415	96136	CLEAR
416	96155	ACCOUNT
417	96162	PARTS
418	96174	RACE
419	96179	TRAC
420	96213	VITA
421	96224	DIPLOMA
422	96287	RESPECT
423	96308	DRONES
424	96327	DAIRY
425	96339	SUBMIT
426	96351	IT
427	96351	SECURE
428	96358	STEM
429	96378	ACCESS
430	96383	STORAGE
431	96389	CROP
432	96397	CARE
433	96397	WE
434	96416	CAMPUS
435	96420	DISCLOSE
436	96430	TRACE
437	96472	TREES
438	96490	CARE
439	96500	LIBERTY
440	96505	JET
441	96516	FAST
442	96526	CAMPUS
443	96551	SEAS
444	96583	HEALTHY
445	96585	PATIENTS
446	96593	FREE
447	96608	HITEC
448	96614	PRE
449	96636	SHORE
450	96641	TEST
451	96644	CARE
452	96653	CREED
453	96655	PROTECT
454	96709	SECTORS
455	96714	PACE
456	96731	FREE
457	96762	FAIR
458	96764	STATE
459	96770	STRONG
460	96776	SMART
461	96781	VETS
462	96784	STEM
463	96785	PROTECT
464	96788	FIT
465	96812	SAFE
466	96832	ID
467	96832	SAFE
468	96845	CHARGE
469	96859	FAIR
470	96911	LAW
471	96917	WISE
472	96934	SAFEGUARDS
473	96976	JOLT
474	96982	RISE
475	96995	RUSH
476	97004	STELLAR
477	97036	PESTT
478	97044	BREW
479	97046	BUILD
480	97100	INVEST
481	97110	IT
482	97110	USE
483	97148	FIT
484	97158	SAVE
485	97161	EARNED
486	97168	VETS
487	97219	CLEAR
488	97223	STOP
489	97234	IDEA
490	97238	STRONG
491	97279	HALT
492	97291	HIRE
493	97292	FFOCUS
494	97315	VETS
495	97331	STOP
496	97336	REFUND
497	97350	SALE
498	97350	SMART
499	97416	ACHE
500	97440	MORE
501	97444	PROMPT
502	98192	FAIR
503	98278	JUMP
504	98952	FREEDOM
505	98956	KIDS
506	98956	PRO
507	99279	USA
509	100080	JOBS
510	100275	PRIME
511	100527	NCAA
512	100862	FREEDOM
514	102757	USA
515	103464	RESTORE
516	103560	FREEDOM
518	104986	REFORM
519	105252	JUMP
520	105478	SEED
521	105813	FAIR
522	106139	SAFE
523	106183	KIDS
524	106183	PRO
525	106899	FAIR
527	108057	SEED
528	109093	PRIME
529	109529	IMPACT
530	109594	PACE
531	109619	CHEF
532	109620	CLEAN
533	109621	VOICE
534	109645	FACT
535	109660	BUILD
536	109664	STANDUP
537	109695	VETS
538	109734	POST
539	109742	SHOP
540	109744	IMPACTT
541	109749	STATE
542	109794	VITA
543	109822	CARS
544	109843	OPERA
545	109862	PRIME
546	109887	SMART
547	109900	AMERICA
548	109906	PLUS
549	109923	PROTECT
550	109929	SEED
551	109938	VETS
552	110054	ACTION
553	110057	BEST
554	110057	PRACTICES
555	110076	BE
556	110076	WELL
557	110113	SPEECH
558	110118	FOARAM
559	110148	ICE
560	110152	HELP
561	110180	ACCESS
562	110190	RAISE
563	110208	ROADS
564	110208	SAFE
565	110216	CLASS
566	110216	ENHANCED
567	110221	AGE
568	110271	SERVE
569	110304	OUTDOOR
570	110347	PRECAUTION
571	110382	RAPID
572	110384	AID
573	110387	FAST
574	110403	CARD
575	110474	SCORE
576	110486	FEAST
577	110488	LEAVE
578	110538	SHOP
579	110629	GREEN
580	110632	ROADS
581	110632	SAFE
582	110670	CLASS
583	110719	COMBAT
584	110732	PLANES
585	110735	GUIDE
586	110770	GROW
587	110778	HARVEST
588	110822	CARES
589	110912	CALM
590	111034	DISCLOSE
591	111045	HIRING
592	111051	ROAD
593	111059	SPEAK
594	111078	COST
595	111111	SPEECH
596	111207	TRADE
597	111209	ADOPT
598	111220	CLEAR
599	111302	FAST
600	111334	HIRE
601	111344	PROSTATE
602	111350	REEP
603	111352	PUT
604	111352	STAY
605	111380	FOCUS
606	111447	SUCCESS
607	111462	SENIORS
608	111493	REFI
609	111508	FLAME
610	111526	AMERICA
611	111527	AIM
612	111530	WECHAR
613	111552	HEARTH
614	111568	TRIP
615	111569	LEAN
616	111689	MOTHERS
617	111691	SAVE
618	111700	PRECAUTION
619	111737	STOP
620	111751	RESTART
621	111771	DISCLOSE
622	111798	PRIME
623	111820	TRAIN
624	111822	SAFE
625	111824	SEED
626	111847	HIGH
627	111906	IDEA
628	111911	PASS
629	111941	POWER
630	112010	PEACE
631	112053	CHOICE
632	112134	PHONE
633	112175	ROADS
634	112175	SAFE
635	112235	FACE
636	112319	DREAM
637	112348	WIN
638	112405	CARE
639	112452	HAITI
640	112453	SAFER
641	112459	TEACH
642	112469	SAFE
643	112528	USA
644	112542	SPEAK
645	112559	COP
646	112620	ALERT
647	112652	SURE
648	112655	ACTION
649	112674	AWARE
650	112680	EARNED
651	112681	CLEAR
652	112694	GREEN
653	112730	PRIME
654	112742	AMERICA
655	112765	ENHANCED
656	112776	LIMITS
657	112785	AIR
658	112796	ASPIRE
659	112821	SELF
660	112829	ON
661	112829	TIME
662	112882	HELP
663	112921	GROWTH
664	112998	METRICS
665	113008	COMBAT
666	113018	CARE
667	113064	SAVINGS
668	113065	JUMP
669	113070	NEW
670	113088	EDUCATE
671	113092	FIT
672	113095	RESTART
673	113106	CAMPER
674	113170	CARD
675	113173	MEGA
676	113185	RELIEF
677	113199	SUPPORT
678	113202	SORT
679	113231	HELP
680	113269	CSAR
681	113277	CLEAR
682	113288	PHIT
683	113299	METRICS
684	113302	WECHAR
685	113309	IMPACT
686	113310	MATCH
687	113334	FORCE
688	113346	PAYBACK
689	113362	LIFE
690	113364	POWER
691	113406	HEALTH
692	113409	SMART
693	113465	CARE
694	113465	WE
695	113466	STOP
696	113469	SCORE
697	113481	PATH
698	113481	THE
699	113490	SAFE
700	113496	SMASH
701	113498	GREEN
702	113610	CLASS
703	113636	STOP
704	113643	ATTIRE
705	113692	LEAN
706	113723	PASS
707	113744	WAIVER
708	113777	SWIM
709	113795	FIND
710	113831	SEAT
711	113853	COAST
712	113872	VETS
713	113875	FAST
714	113900	SAFER
715	113927	WARMER
716	113933	PATIENTS
717	113966	BASIC
718	114001	SAC
719	114044	CLEAN
720	114111	POWERED
721	114126	STOPP
722	114128	NEWBORN
723	114146	VETS
724	114176	REPAIR
725	114236	MEAL
726	114261	FASTT
727	114275	PRIDE
728	114301	HALE
729	114348	SAVE
730	114359	CLEAN
731	114359	UP
732	114388	CLEAR
733	114403	CLEAR
734	114433	CAP
735	114435	IMPROVE
736	114463	FIND
737	114512	STRONG
738	114519	JUSTICE
739	114525	CHOMP
740	114604	STORAGE
741	114608	MEDIC
742	114634	MESA
743	114727	EASY
744	114753	SAVE
745	114754	PROP
746	114763	SUN
747	114817	IRE
748	114842	LOPSIDED
749	114862	MOTHERS
750	114906	ACCESS
751	114967	LEASE
752	115058	SHORE
753	115107	CEASE
754	115113	ABLE
755	115117	STOP
756	115172	PIE
757	115179	HELP
758	115212	TECH
759	115229	TRACK
760	115299	PACT
761	115324	SOS
762	115354	PROFIT
763	115361	SERV
764	115395	SAFE
765	115457	ECOBAG
766	115480	CALM
767	115497	PRO
768	115497	VETS
769	115517	SLUM
770	115518	REPAIR
771	115539	HEARTS
772	115550	TEA
773	115563	EARLY
774	115575	PORTS
775	115586	WISH
776	115589	STANDARDS
777	115597	VET
778	115598	CRIT
779	115598	HIPA
780	115615	IMPACT
781	115637	VETS
782	115658	PEACH
783	115677	PRECAUTION
784	115680	MEDS
785	115698	SCREEN
786	115705	STALKERS
787	115757	SURE
788	115759	SAVE
789	115786	VEHICLE
790	115795	PREEMIE
791	115841	MORE
792	115844	OUTDOOR
793	115872	CLAIM
794	115885	REVAMP
795	115945	SURPLUS
796	115946	HEATR
797	115989	NOTICE
798	116037	PLUG
799	116057	DISCLOSE
800	116097	MEDS
801	116141	WATER
802	116165	CAMPUS
803	116177	HELP
804	116302	BUILD
805	116304	STANDUP
806	116317	FLY
807	116366	HITECH
808	116414	OPTION
809	116431	EATS
810	116479	CRIT
811	116479	HIPA
812	116485	ARMS
813	116519	US
814	116526	GRID
815	116530	LIFE
816	116548	MADE
817	116563	SECURE
818	116572	SAFE
819	116617	HEALTH
820	116627	PACE
821	116632	GREEN
822	116632	JOBS
823	116684	VULTURE
824	116697	VOTER
825	116699	EXPENSE
826	116742	BAG
827	116779	PROUD
828	116784	FAIR
829	116863	SENIORS
830	116883	HIRE
831	117039	SKIL
832	117046	SAFE
833	117053	SUN
834	117084	GROWTH
835	117087	BEST
836	117096	POWER
837	117106	CRIT
838	117106	HIPA
839	117153	IMPACTT
840	117160	IMPROVE
841	117256	LEARN
842	117315	PATIENTS
843	117369	ASPIRE
844	117395	WIND
845	117414	ADOPT
846	117426	DREAM
847	117444	SOAR
848	117477	HEALTH
849	117495	LESS
850	117527	SURGE
851	117540	SAVE
852	117601	DREAM
853	117601	JOBS
854	117601	POWER
855	117640	CLEAN
856	117640	UP
857	117650	DREAM
858	117664	GROWTH
859	117709	RECOVER
860	117710	SEAM
861	117712	HEARTH
862	117737	VISA
863	117773	MEAL
864	117786	HEAR
865	117796	VOICE
866	117797	HEARTS
867	117853	COMBAT
868	117945	CAR
869	117948	SAFE
870	118024	PRE
871	118062	SHORE
872	118065	CUT
873	118074	CHOICE
874	118082	HITECH
875	118094	FIRST
876	118104	CLASS
877	118107	SMART
878	118115	SAVE
879	118163	SCREEN
881	118308	INSPIRES
882	118341	WEANS
883	118349	MOVEMENT
884	118392	HITECH
885	118410	PASS
886	118418	PRECAUTION
887	118434	RESPECT
888	118487	SAFE
889	118522	PROTECT
890	118524	PATH
891	118531	WORK
892	118552	LOCAL
893	118563	IMPACT
894	118576	CARE
895	118585	VET
896	118619	FIRE
897	118624	MATCH
898	118658	EARLY
899	118682	SINC
900	118693	HEALTH
901	118699	HITECH
902	118734	SAVINGS
903	118760	COVERT
904	118773	REMEDIES
905	118780	ABC
906	118806	SMART
907	118873	DIPLOMA
908	118886	LEVEL
909	118900	FAST
910	118913	RESTART
911	118954	SAFE
912	118965	HOME
913	118975	BUSES
914	118984	HOME
915	119019	COAST
916	119050	SERV
917	119075	RIPE
918	119101	DREAM
919	119103	REAL
920	119105	EASY
921	119114	TIRE
922	119172	GIVE
923	119188	SEAM
924	119227	CHURCH
925	119250	CREATE
926	119254	SAVE
927	119267	CARE
928	119267	WE
929	119279	HEART
930	119285	REVAMP
931	119287	COPS
932	119287	KIDS
933	119303	HOPE
934	119306	JUSTICE
935	119354	FIRST
936	119416	WOMB
937	119418	STAPLE
938	119445	CLASS
939	119460	REWARD
940	119471	FOR
941	119471	VETS
942	119504	RATE
943	119515	VOICE
944	119518	FRAC
945	119538	CRIT
946	119538	HIPA
947	119545	MOMS
948	119560	MAP
949	119593	PLUS
950	119627	CARE
951	119647	SOS
952	119660	WATER
953	119664	SOS
954	119703	LITE
955	119731	ABLE
956	119773	HANDS
957	119789	CHOICE
958	119800	SUN
960	119828	SCREEN
961	119850	SAFEGUARDS
962	119892	FAIR
963	119923	SAFE
964	119969	STORAGE
965	119972	STANDARDS
966	120027	IT
967	120027	USE
968	120028	STAR
969	120069	RISE
970	120076	MOMS
971	120120	GREED
972	120154	ASAP
973	120199	HEAR
974	120202	WARRIOR
975	120272	STARS
976	120287	PEACE
977	120296	DREAM
978	120306	SEED
979	120308	EMT
980	120364	WATER
981	120372	STAT
982	120380	HAPPY
983	120381	SAFE
984	120385	CUE
985	120390	FITT
986	120411	GREEN
987	120437	PRECAUTION
988	120441	HIRE
989	120446	BAG
990	120454	FEMA
991	120486	PET
992	120548	WATER
993	120555	STOP
994	120628	CRIT
995	120628	HIPA
996	120637	LAW
997	120649	HAITI
998	120663	RESTORE
999	120679	CARE
1000	120681	HANDS
1001	120688	PROSTATE
1002	120704	WERC
1003	120730	FIT
1004	120733	RAISE
1005	120738	NOTICE
1006	120764	SHORE
1007	120775	VOTER
1008	120788	HITECH
1009	120807	GREEN
1010	120809	ALERT
1011	120812	GIVE
1012	120829	HIRE
1013	120850	STAR
1014	120871	FAIR
1015	120877	STARS
1016	120880	SAFE
1017	120883	OILSAVE
1018	120889	SHIELD
1019	120896	GIVE
1020	120901	EDGE
1021	120995	CARE
1022	121032	PAY
1023	121032	UP
1024	121040	FACE
1025	121084	WAGES
1026	121089	CZAR
1027	121101	EMPLOY
1028	121107	ASPIRE
1029	121126	FOARAM
1030	121128	MATCH
1031	121138	REAP
1032	121167	STAR
1033	121172	AIR
1034	121172	SAFE
1035	121248	CREDIT
1036	121248	FAIR
1037	121280	ACCESS
1038	121384	SOS
1039	121409	TRADE
1040	121413	STOP
1041	121417	CORE
1042	121426	FEAR
1043	121451	CARES
1044	121457	GAP
1045	121457	TAX
1046	121486	SAFETY
1047	121509	VOTE
1048	121542	PACT
1049	121547	STRONG
1050	121635	CAN
1051	121635	DO
1052	121683	EQUALITY
1053	121693	SECTORS
1054	121697	TRACE
1055	121718	HOME
1056	121753	AID
1057	121764	FLAME
1058	121777	FOARAM
1059	121793	ARTS
1060	121797	RATE
1061	121799	SAVE
1062	121824	PHARMACY
1063	121879	SAFE
1064	121902	NOPEC
1065	121909	STORAGE
1066	121980	PRO
1067	121980	VETS
1068	122050	FLAME
1069	122067	COMBAT
1070	122076	CAP
1071	122076	DEBT
1072	122083	SECTORS
1073	122142	DREAM
1074	122158	REDUCE
1075	122165	THREAT
1076	122167	ROADS
1077	122167	SAFE
1078	122271	CREATE
1079	122274	MATCH
1080	122317	FOARAM
1081	122327	SUPPORT
1082	122343	PACT
1083	122373	RISING
1084	122385	HELP
1085	122485	SORT
1086	122522	HELP
1087	122526	SERVE
1088	122533	STOP
1089	122609	PLEA
1090	122674	STOP
1091	122690	ENHANCED
1092	122719	FOCUS
1093	122795	HOPE
1094	122808	SAFE
1095	122819	SWEEP
1096	122831	AIR
1097	122831	SAFER
1098	122836	CRIT
1099	122836	HIPA
1100	122842	TRADE
1101	122857	PRECAUTION
1102	122867	HOPE
1103	122868	PUMPPS
1104	122879	ARTS
1105	122888	COOL
1106	122903	STOPS
1107	122904	HAITI
1108	122940	HOPE
1109	122958	ASPIRE
1110	122967	BACK
1111	122967	TAKE
1112	122985	STEP
1113	122994	SPACE
1114	123019	SHIELD
1115	123079	STOP
1116	123087	HEART
1117	123098	SHARE
1118	123109	FIRST
1119	123113	SMART
1120	123125	ACORN
1121	123133	AWARE
1122	123135	GREEN
1123	123135	JOBS
1124	123163	STAR
1125	123192	PROTECT
1126	123202	DOSES
1127	123202	SAFE
1129	123232	CAP
1130	123261	DATA
1131	123271	VOW
1132	123291	BARN
1133	123341	POLAR
1134	123343	GPS
1135	123388	BRAINS
1136	123419	LIMITS
1137	123481	SLUM
1138	123488	AYUDA
1139	123511	FUELS
1140	123565	PLUS
1141	123599	EACH
1142	123609	DISCLOSE
1143	123664	HIRE
1144	123664	HOME
1145	123674	ROAD
1146	123686	WIN
1147	123692	SAFE
1148	123714	NOPEC
1149	123717	STRONG
1150	123722	LIFE
1151	123730	WIN
1152	123759	SHORE
1153	123763	SAVE
1154	123811	CPU
1155	123813	RAPID
1156	123814	FAIR
1157	123860	CHARGE
1158	123865	SOAR
1159	123875	TALENT
1160	123951	EARNED
1161	123999	IDEA
1162	124008	HEART
1163	124018	SHIELD
1164	124028	CURB
1165	124053	RACE
1166	124115	POWER
1167	124119	STARS
1168	124120	MORE
1169	124121	REWARD
1170	124135	JOBS
1171	124157	FLARE
1172	124162	NGEAR
1173	124167	HEALTH
1174	124175	HOME
1175	124211	STOCK
1176	124212	PROSTATE
1177	124224	SCOPE
1178	124244	CROWDFUND
1179	124296	HOME
1180	124352	KEEP
1181	124358	FRAME
1182	124402	MITECH
1183	124449	JOBS
1184	124478	VETS
1185	124504	TEACH
1186	124506	JUSTICE
1187	124506	PROSTATE
1188	124525	HEALTHY
1189	124529	RIPE
1190	124542	STANDUP
1191	124547	WISH
1192	124604	RIDE
1193	124611	PRIME
1194	124632	TEACH
1195	124648	ID
1196	124648	MEDS
1197	124656	CALM
1198	124666	SHIELD
1199	124667	FOR
1200	124667	VETS
1201	124688	STOP
1202	124711	TRIP
1203	124715	SAVE
1204	124720	PRO
1205	124720	VETS
1206	124730	HALT
1207	124741	FREE
1208	124787	STOP
1209	124788	US
1210	124829	ABLE
1211	124834	HEALTH
1212	124866	CARE
1213	124870	AMERICA
1214	124903	BUSES
1215	124908	SEAL
1216	124912	BARR
1217	124999	RISING
1218	125026	AGREE
1219	125033	CPR
1220	125038	SOS
1221	125045	WIN
1222	125141	PRE
1223	125164	USA
1224	125165	VETS
1225	125169	SAFER
1226	125197	STAT
1227	125247	REVAMP
1228	125269	STOP
1229	125270	EPIC
1230	125288	FAST
1231	125315	GENIUS
1232	125318	CLEAN
1233	125318	UP
1234	125338	POWER
1235	125370	BARR
1236	125376	WORK
1237	125392	DIPLOMA
1238	125401	WIN
1239	125403	SALUTE
1240	125456	ARID
1241	125488	SERVE
1242	125505	STRIP
1243	125518	PROMISES
1244	125524	SMART
1245	125538	STRONG
1246	125539	SAFE
1247	125544	ATTIRE
1248	125565	FOCUS
1249	125593	REAL
1250	125615	METRICS
1251	125625	RESET
1252	125637	DART
1253	125645	CLEAR
1254	125683	TEAM
1255	125716	GAP
1256	125716	TAX
1257	125752	CLAIM
1258	125818	DATA
1259	125821	HAVEN
1260	125834	REPEAL
1261	125899	REDUCE
1262	125904	RESPECT
1263	125936	COP
1264	125949	STORAGE
1265	125967	DATA
1266	125981	OPEN
1267	125991	ACE
1268	125993	VITA
1269	126011	STOP
1270	126016	TALENT
1271	126024	VETS
1272	126063	VET
1273	126064	SAFE
1274	126078	PAY
1275	126078	UP
1276	126079	PLEA
1277	126099	MUSIC
1278	126110	ID
1279	126110	MEDS
1280	126144	PROTECT
1281	126147	PROSTATE
1282	126163	RAISE
1283	126194	JUSTICE
1284	126211	REFUND
1285	126214	FIT
1286	126247	VISA
1287	126295	ASAP
1288	126309	BABE
1289	126309	RUTH
1290	126314	STALKERS
1291	126353	SEAL
1292	126449	STAND
1293	126452	CARE
1294	126452	WE
1295	126480	REVAMP
1296	126490	SHIELD
1297	126498	STEEL
1298	126513	TRACE
1299	126551	FREE
1300	126599	FUTURE
1301	126611	NADA
1302	126661	HEALTH
1303	126669	CARES
1304	126708	GREAT
1305	126718	SAVE
1306	126720	IT
1307	126720	SECURE
1308	126730	FISH
1309	126765	SAFE
1310	126774	TECH
1311	126779	PRIDE
1312	126792	STRONG
1313	126795	SECTORS
1314	126844	PACT
1315	126853	DIPLOMA
1316	126854	DELIST
1317	126872	FIT
1318	126877	REFUND
1319	126886	RESTART
1320	126908	STELLAR
1321	126920	VALOR
1322	126922	BREW
1323	126923	GROWTH
1324	126926	HUNT
1325	126942	SUN
1326	126952	MERGER
1327	126965	IDEA
1328	127147	CAP
1329	127165	PROUD
1330	127199	NOPEC
1331	127223	HEALTH
1332	127236	STARS
1333	127258	REINS
1334	127268	IT
1335	127268	USE
1336	127271	SAFE
1337	127291	FUEL
1338	127302	ACCOUNT
1339	127310	SOS
1340	127327	AGE
1341	127338	DISCLOSE
1342	127379	STELLAR
1343	127390	LEARN
1344	127471	FIRE
1345	127472	CURB
1346	127479	DOSES
1347	127479	SAFE
1348	127484	HELP
1349	127493	SEAT
1350	127501	AMERICA
1351	127522	TRUTH
1352	127557	SAFEGUARDS
1353	127558	SEND
1354	127565	SIGN
1355	127567	SAFE
1356	127584	STEAM
1357	127635	SAFE
1358	127647	CUTS
1359	127679	HEAL
1360	127686	LINE
1361	127697	VISIT
1362	127701	ABLE
1363	127705	STOP
1364	127716	NEWBORN
1365	127718	CAP
1366	127724	FRAC
1367	127803	MODERN
1368	127808	CLEAR
1369	127843	HEATR
1370	127866	SAVE
1371	127919	PARTS
1372	127948	COOL
1373	127960	HAVEN
1374	127992	PORTS
1375	128003	REFRESH
1376	128019	FAST
1377	128056	PRECISE
1378	128233	SERV
1379	128260	FAST
1380	128271	GPS
1381	128274	HEAL
1382	128279	RESPECT
1383	128313	ACCESS
1384	128339	SOLD
1385	128354	SAFER
1386	128358	SPRINT
1387	128375	FAIR
1388	128441	LESS
1389	128483	DRIVES
1390	128500	REAPS
1391	128506	HELP
1392	128540	THREE
1393	128587	JOBS
1394	128624	ACHE
1395	128627	HEARTS
1396	128634	STOP
1397	128663	GREEN
1398	128686	HOME
1399	128694	ASAP
1400	128699	PACE
1401	128700	EMT
1402	128718	JOLT
1403	128766	ACE
1404	128787	UPDATE
1405	128788	RARE
1406	128805	HIRE
1407	128814	CARE
1408	128819	WAGES
1409	128824	SIMPLE
1410	128852	JOLT
1411	128853	REBUILD
1412	128857	INVEST
1413	128860	RAISE
1414	129002	FOCUS
1415	129049	RESTRICT
1416	129055	RICE
1417	129080	RUSH
1418	129087	STAR
1419	129129	RDOCS
1420	129136	URSA
1421	129144	HIRE
1422	129165	JOLT
1423	129203	ROADS
1424	129203	SAFE
1425	129204	HELP
1426	129280	SAVE
1427	129284	IT
1428	129284	USE
1429	129357	SEAL
1430	129361	SAFE
1431	129402	SPRINT
1432	129411	SMART
1433	129415	PARTS
1434	129437	IT
1435	129437	SECURE
1436	129454	SNAP
1437	129455	RECLAIM
1438	129462	HEALTH
1440	129513	STOPS
1441	129516	HEALTH
1442	129532	CARE
1443	129552	SOFA
1444	129556	STANDUP
1445	129583	FAST
1446	129586	WAIVE
1447	129594	SMART
1448	129609	SOAR
1449	129613	EXCEL
1450	129627	SECURE
1451	129694	HEALTH
1452	129702	CARES
1453	129712	RAPID
1454	129774	DIPLOMA
1455	129790	PHIT
1456	129810	EXPAND
1457	129817	DATA
1458	129829	SPECTRUM
1459	129881	STEM
1460	129890	FAST
1461	129930	VISIT
1462	129961	SOAR
1463	129977	CHURCH
1464	130045	PATIENTS
1465	130081	VITA
1466	130088	OIL
1467	130099	MOMS
1468	130120	SMART
1469	130127	SERVE
1470	130129	SOUND
1471	130180	SAFE
1472	130205	STOP
1473	130210	SAFE
1474	130246	CROP
1475	130255	VETS
1476	130258	MADE
1477	130262	MARCH
1478	130280	CREDIT
1479	130280	FAIR
1480	130282	PUT
1481	130282	STAY
1482	130284	FREE
1483	130290	DIAPER
1484	130307	TREAT
1485	130313	HOMES
1486	130319	CARE
1487	130349	HEALTH
1488	130358	RACE
1489	130367	REINS
1490	130387	COAST
1491	130391	REINS
1492	130396	PESTT
1493	130416	MADE
1494	130418	SEAS
1495	130419	FACT
1496	130423	PRIME
1497	130439	REFI
1498	130469	HALE
1499	130474	SAFER
1500	130477	FAST
1501	130519	LEVEL
1502	130520	HARVEST
1503	130530	COINS
1504	130541	HIGHER
1505	130541	LIFT
1506	130591	HIRE
1507	130591	HOME
1508	130607	AGREE
1509	130634	LIFE
1510	130634	PRO
1511	130637	CARP
1512	130656	SERVE
1513	130659	OUTDOOR
1514	130663	BEST
1515	130663	PRACTICES
1516	130668	DREAM
1517	130715	REPEAL
1518	130768	DISCLOSE
1519	130823	AID
1520	130832	PLUS
1521	130853	RESET
1522	130859	FACT
1523	130893	STEM
1524	130896	STOP
1525	130919	RESCUE
1526	130922	CROWDFUND
1527	130923	HITEC
1528	130924	WIN
1529	130978	GAS
1530	131001	HEART
1531	131034	SAFE
1532	131064	REAL
1533	131067	BEST
1534	131087	CAMPUS
1535	131115	SECTORS
1536	131165	ROADS
1537	131165	SAFE
1538	131283	SAFER
1539	131306	LESS
1540	131310	IRS
1541	131325	HEALTH
1542	131356	PACT
1543	131400	MAPLE
1544	131401	NOW
1545	131476	FARE
1546	131493	FAST
1547	131509	CLEAN
1548	131519	SLICE
1549	131534	EMT
1550	131565	SERVE
1551	131569	STORAGE
1552	131597	HEALTH
1553	131612	LAW
1554	131626	SAFE
1555	131631	RAISE
1556	131654	NOPEC
1557	131657	POST
1558	131658	REAP
1559	131673	HOME
1560	131685	WEST
1561	131713	SAFETI
1562	131728	FLY
1563	131737	DIAPER
1564	131761	CROWDFUND
1565	131776	RAPID
1566	131795	OPEN
1567	131829	FINE
1568	131846	HAVEN
1569	131873	SERV
1570	131909	SUGAR
1571	131923	LAW
1572	131929	CUT
1573	131935	PRINT
1574	131943	CHEATS
1575	131944	STOP
1576	131950	FAIR
1577	131953	APPLE
1578	132000	RELIEF
1579	132004	FASTT
1580	132005	STARTUP
1581	132013	LEARN
1582	132026	GAPS
1583	132069	HONOR
1584	132074	JUSTICE
1585	132074	PROSTATE
1586	132116	DART
1587	132128	OUTDOOR
1588	132134	TEST
1589	132145	COVERT
1590	132156	CLEAN
1591	132156	UP
1592	132176	POWER
1593	132199	PROTECT
1594	132305	STOP
1595	132307	IMPACT
1596	132336	SAVE
1597	132360	MARCH
1598	132361	STEP
1599	132394	ULTRA
1600	132399	WISE
1601	132421	FIRE
1602	132443	IRE
1603	132449	PIONEERS
1604	132450	PROTECT
1605	132466	DASH
1606	132478	SHIELD
1607	132557	STOP
1608	132561	REEFS
1609	132585	GRANT
1610	132612	COASTAL
1611	132621	RARE
1612	132626	FIELD
1613	132626	NO
1614	132643	REAL
1615	132668	RAMP
1616	132673	SAFE
1617	132687	SAFE
1618	132705	HEROES
1619	132775	IT
1620	132775	SECURE
1621	132788	EQUIP
1622	132800	BEST
1623	132808	HELP
1624	132815	HEARTH
1625	132840	ACT
1626	132840	ALERT
1627	132870	HAVEN
1628	132876	HIRES
1629	132883	CPR
1630	132891	HOME
1631	132944	SHUT
1632	133057	DREAM
1633	133060	DATA
1634	133065	CARE
1635	133065	WE
1636	133068	EAT
1637	133116	CHEF
1638	133149	ARMS
1639	133170	CAMPUS
1640	133176	STOP
1641	133187	SAFE
1642	133211	LIFE
1643	133223	FAST
1644	133254	EATS
1645	133305	FEDS
1646	133305	STOP
1647	133315	SEAM
1648	133341	ACHIEVE
1649	133359	NOTICE
1650	133391	LEAVE
1651	133421	SUN
1652	133431	RESTART
1653	133432	CUT
1654	133435	FUELS
1655	133441	RIGHTS
1656	133473	STATE
1657	133482	FUEL
1658	133490	SCREEN
1659	133501	VERIFI
1660	133503	STARTUP
1661	133513	SAFER
1662	133558	SMART
1663	133564	AIR
1664	133597	SWAT
1665	133609	SAVE
1666	133610	SOS
1667	133634	CARP
1668	133646	SEED
1669	133647	STRIP
1670	133673	AMERICA
1671	133683	PATIENTS
1672	133739	OPERA
1673	133803	RISE
1674	133804	HEARTS
1675	133854	SECURE
1676	133856	EASY
1677	133882	PIE
1678	133886	SMART
1679	133911	FARE
1680	133938	EXPERRT
1681	133994	PASS
1682	134016	SAY
1683	134016	YEA
1684	134037	STAPLE
1685	134038	STAR
1686	134044	SEAM
1687	134055	SET
1688	134059	SUCCESS
1689	134071	HIRE
1690	134122	HALE
1691	134163	RELIEF
1692	134195	JOBS
1693	134202	STOP
1694	134219	DREAM
1695	134219	JOBS
1696	134219	POWER
1697	134249	EASY
1698	134295	EXPENSE
1699	134317	GAAP
1700	134326	REVAMP
1701	134329	FASTER
1702	134364	OPTION
1703	134444	TRADE
1704	134484	BEST
1705	134541	SOS
1706	134586	BEER
1707	134593	TEAM
1708	134634	PATH
1709	134648	POWER
1710	134735	CROP
1711	134737	ACE
1712	134747	SAVE
1713	134793	SAVE
1714	134812	HONOR
1715	134818	SMART
1716	134819	RADIOS
1717	134820	LEADS
1718	134825	SAFE
1719	134842	SAVE
1720	134845	CURED
1721	134882	ACCESS
1722	134923	METRICS
1723	134935	PASS
1724	134938	MAPLE
1725	134940	TEAM
1726	134946	LAND
1727	134970	DREDGE
1728	134994	TEACH
1729	135015	EACH
1730	135059	TEST
1731	135062	HELP
1732	135086	VETS
1733	135110	NERO
1734	135132	LIFE
1735	135134	CARE
1736	135149	RETAIN
1737	135164	MODDERN
1738	135179	REFRESH
1739	135215	CAMPER
1740	135263	HALT
1741	135267	HELP
1742	135314	RELIEF
1743	135320	COMBAT
1744	135336	STOP
1745	135346	ON
1746	135346	TIME
1747	135353	SAFE
1748	135373	COASTAL
1749	135411	RETRO
1750	135427	HEARTH
1751	135436	JOBS
1752	135437	ACCESS
1753	135438	CAMPUS
1754	135829	WORC
1755	137225	WORC
1756	146067	WORC
1757	159124	SENSE
1758	159307	ACCOPS
1759	159363	PRIDE
1760	159370	THREAT
1761	159419	SAFE
1762	159562	PREPARE
1763	159631	WIRE
1764	159746	SOS
1765	159762	BLAST
1766	159762	PROTECT
1767	159893	SMARTS
1768	159895	FOCUS
1769	159898	CREATE
1770	159983	WING
1771	160038	BLOCK
1772	160038	SPY
1773	160151	FAIR
1774	160240	EFFECT
1775	160263	SAAAVE
1776	160321	CHASE
1777	160379	JUBILEE
1778	160387	SAVE
1779	160399	MEDIA
1780	160471	RAVE
1781	160493	HEART
1782	160496	PACT
1783	160581	PROTECTION
1784	160592	ID
1785	160592	SAFE
1786	160604	GROW
1787	160605	FIRE
1788	160615	CARE
1789	160741	IMPACT
1790	160883	HELP
1791	160894	SAFE
1792	160952	ICARE
1793	161059	PACT
1794	161164	COAST
1795	161177	STOP
1796	161187	CLEAR
1797	161227	JUBILEE
1798	161320	CARE
1799	161360	HEART
1800	161368	SOS
1801	161630	SAVE
1802	161630	US
1803	161630	VETS
1804	161638	SPAM
1805	161646	TRACE
1806	161723	BREEZE
1807	161763	STOP
1808	161768	PROTECTION
1809	161809	SOLVE
1810	161837	FIRST
1811	161880	NAFTA
1812	161929	EFFECTER
1813	161990	TRAIL
1814	161998	TEACH
1815	162056	MORE
1816	162075	CASE
1817	162157	HOPE
1818	162696	CREATE
1819	162790	CAMRA
1820	162808	TEACH
1821	162914	ROLE
1822	163020	CORT
1823	163029	RAFT
1824	163081	GATE
1825	163157	VETS
1826	163177	STOP
1827	163231	GROW
1828	163378	SAFE
1829	163410	ART
1830	163423	TERFF
1831	163455	FAIR
1832	163497	ASPIRE
1833	163508	SAFE
1834	163666	MEDDS
1835	163668	SAFER
1836	163682	LEADERS
1837	163729	ID
1838	163729	SAFE
1839	163844	HELP
1840	163949	CAN
1841	163949	SPAM
1842	164004	PROTECTION
1843	164004	SAFER
1844	164057	GRAD
1845	164101	ENHANCE
1846	164126	SECURE
1847	164153	ASPIRE
1848	164174	MADE
1849	164261	SEARCH
1850	164317	MEDS
1851	164352	CLEAR
1852	164575	FRESH
1853	164596	HELP
1854	164605	FOCUS
1856	164798	ART
1857	164817	EATN
1858	164905	IMPORT
1859	164917	VISA
1860	165032	FAIR
1861	165147	SAFE
1862	165239	PREEMIE
1863	165244	RECORD
1864	165262	JUDGES
1865	165405	REDUCE
1866	165447	SMART
1867	165491	PROTECT
1868	165503	CORE
1869	165505	SEARCH
1870	165570	ICARE
1871	165588	FAIR
1872	165616	PREEMIE
1873	165657	FAST
1874	165665	EFFECTER
1875	165715	SAFE
1876	165820	BE
1877	165820	REAL
1878	165862	UPLIFT
1879	165883	HEROES
1880	165884	RAPID
1881	165897	COAST
1882	165949	PROTECTION
1883	166069	ICARE
1884	166112	FOCUS
1886	166118	TRIP
1887	166155	VISA
1888	166169	TERFF
1889	166222	CREATE
1890	166222	DREAM
1891	166222	PACT
1892	166222	PROMISE
1893	166251	HEALTH
1894	166265	TRAUMA
1895	166331	VOICE
1896	166357	HEALTH
1897	166358	HEALTH
1898	166363	UNITE
1899	166453	ID
1900	166453	SAFE
1901	166462	FAST
1902	166510	SAFE
1903	166553	HEALTH
1904	166563	ART
1905	166743	FOCUS
1906	166781	GUARD
1907	166827	SMART
1908	166923	ID
1909	166923	SAFE
1910	166961	TIER
1911	167135	IMPORT
1912	167173	RAFT
1913	167222	LIFE
1914	167228	PRIDE
1915	167260	CAR
1916	167311	IMPACT
1917	167319	VETS
1918	167340	PITFALL
1919	167378	TRACE
1920	167401	EFFECT
1921	167421	PROTECT
1922	167435	JUDGES
1923	167441	HIRE
1924	167452	IMPACT
1925	167513	SAFE
1926	167572	PAY
1927	167572	UP
1928	167643	ABC
1929	167645	STOHP
1930	167663	FOSTER
1931	167669	SHIELD
1932	167691	NOPEC
1933	167821	SACRIFICE
1934	167891	LEGACY
1935	167970	PITFALL
1936	168047	HEALTH
1937	168051	ANTI
1938	168051	GANG
1939	168101	IMPACT
1940	168104	FAIR
1941	168116	CARD
1942	168162	FERMI
1943	168170	CARE
1944	168181	RARE
1945	168187	ART
1946	168338	STAR
1947	168351	SOS
1948	168383	PROMISE
1949	168384	CLEAN
1950	168384	UP
1951	168418	LITE
1952	168454	SAFE
1953	168503	SAFE
1955	168610	PRISE
1956	168715	REDUCE
1957	168731	COAST
1958	168884	MEDIA
1959	168891	SECURE
1960	168973	CARE
1961	168980	FACT
1962	168993	NOPEC
1963	169024	ENRON
1964	169035	DREAM
1965	169094	SOLVE
1966	169121	COAST
1967	169124	HEALTH
1968	169154	CHEER
1969	169198	TRAIN
1970	169286	TRAINS
1971	169347	DONATE
1972	169392	SOS
1973	169510	HERO
1974	169555	SAFE
1975	169636	CHEER
1976	169645	SAFER
1977	169685	ACT
1978	169685	SPY
1979	169737	PACT
1980	169743	GAS
1981	169798	GATE
1982	169823	ATM
1983	169885	PROMISE
1984	169917	SNIPER
1985	169972	AID
1986	170019	PREPARE
1987	170096	HERO
1988	170132	PORTS
1989	170144	MEAL
1990	170146	CLAIM
1991	170204	HOPE
1992	170217	AGE
1993	170230	HOPE
1994	170239	TRAIN
1995	170306	SKIL
1996	170331	TRIM
1997	170551	TRUTH
1998	170562	LEAF
1999	170621	GRAD
2000	170623	DREAM
2001	170626	GIVE
2002	170691	SEARCH
2003	170716	COAST
2004	170750	PATCH
2005	170773	JUBILEE
2006	170775	EAT
2007	170786	ABC
2008	170895	SAFE
2009	171040	EFFECTER
2010	171143	CHILD
2011	171162	HEART
2012	171169	SENIORS
2013	171346	HOME
2014	171346	HOPE
2015	171374	FIRST
2016	171399	CHILD
2017	171425	AIM
2018	171425	TAKE
2019	171479	REPAIR
2020	171487	PRICE
2021	171538	ALERT
2022	171645	COAST
2023	171648	TEACH
2024	171650	HELP
2025	171678	COMPETE
2026	171706	HEART
2027	171824	COAST
2028	171828	KATRINA
2029	171866	TIER
2030	171885	MOTHERS
2031	171905	CARE
2032	171909	TEA
2033	172073	CARE
2034	172111	EXTEND
2035	172126	CALL
2036	172126	SAFE
2037	172229	ROAD
2038	172264	CLEAR
2039	172275	ACCESS
2040	172341	HEART
2041	172364	SCORE
2042	172386	CLEAN
2043	172388	SURE
2044	172466	SPEAK
2045	172491	SECURE
2046	172494	STATES
2047	172597	STOP
2048	172620	SAFE
2049	172684	OPEN
2050	172703	PATCH
2051	172732	CAMRA
2052	172776	CLEAN
2053	172776	UP
2054	172895	ID
2055	172895	SAFE
2056	172946	HOMES
2057	172961	SHINE
2058	172969	BOOST
2059	173001	WATCHDOGS
2060	173014	SAFE
2061	173066	SAFE
2062	173110	HELP
2063	173287	TEACH
2064	173307	STOP
2065	173329	PRISE
2066	173342	ENRON
2067	173360	SAFE
2068	173394	CLASS
2069	173396	LITE
2070	173444	ABC
2071	173474	ACCESS
2072	173608	NOPEC
2073	173699	FAIR
2074	173713	FAIR
2075	173805	RAISE
2076	173836	STOP
2077	173851	STOPP
2078	173924	SAFER
2079	173963	STEP
2080	173982	JUSTICE
2081	174007	HEALTH
2082	174054	FRAUD
2083	174054	STOP
2084	174062	CLASS
2085	174159	CARE
2086	174169	SAFE
2087	174202	CARE
2088	174211	TRACK
2089	174222	OPEN
2090	174333	COMPETE
2091	174475	SCHOOL
2092	174517	ADVANCE
2093	174524	PRIDE
2094	174546	POWER
2095	174588	CARE
2096	174601	TRACE
2097	174605	BOLD
2098	174642	ACT
2099	174667	PROTECTION
2100	174755	CLASS
2101	174785	SAAAVE
2102	174810	GROW
2103	174854	SEEK
2104	174857	TEACH
2105	174858	ASPIRE
2106	174860	SABIR
2107	174988	ADOPT
2108	175158	SUN
2109	175160	HEROES
2110	175239	PREEMIE
2111	175250	FIND
2112	175254	SAFE
2113	175383	SERVE
2114	175386	FIRES
2115	175407	VETS
2116	175417	TRAIL
2117	175467	ID
2118	175467	SAFE
2119	175491	DREAM
2121	175491	JOBS
2122	175491	SKIL
2123	175568	GAIA
2124	175582	STOP
2125	175663	WEANS
2126	175699	ACT
2127	175699	SPY
2128	175706	ATM
2129	175725	BOND
2130	175729	FAIR
2131	175747	TEAM
2132	175751	MORE
2133	175751	PRIDE
2134	175761	EMPOWER
2135	175762	STATE
2136	175855	ART
2137	175870	SABIR
2138	175886	ROLE
2139	175891	RIDE
2140	175909	WIN
2141	175974	SLAM
2142	175994	SAFE
2143	176067	WISH
2144	176109	PROGRESS
2145	176116	TARR
2146	176169	DATA
2147	176193	NOPEC
2148	176196	PRICE
2149	176210	SCORE
2150	176212	PACT
2151	176253	SURGE
2152	176268	STEP
2153	176280	RISE
2154	176282	STANDUP
2155	176284	GRAD
2156	176369	COIN
2157	176444	SUN
2158	176476	ENRON
2159	176516	COMPETE
2160	176595	RESPOND
2161	176640	SLICE
2162	176647	SCORE
2163	176653	ENFORCE
2164	176680	MINERS
2165	176686	PASS
2166	176714	FAIR
2167	176726	REPAIR
2168	176735	HERO
2169	176785	FIRES
2170	176822	NOW
2171	176863	VACS
2172	176900	MINER
2173	177006	FACT
2174	177037	GROW
2175	177106	MEAL
2176	177109	NOPEC
2177	177110	SAVE
2178	177110	US
2179	177110	VETS
2180	177134	SAFE
2181	177152	CARD
2182	177240	RIGHT
2183	177272	CAMRA
2184	177275	SAFE
2185	177295	HERO
2186	177303	REPAIR
2187	177336	FAIR
2188	177382	SAFE
2189	177382	US
2190	177382	WEB
2191	177394	DATA
2192	177426	SUN
2193	177543	EDGE
2194	177617	GATE
2195	177626	SAFE
2196	177627	ROAD
2197	177745	CHEER
2198	177771	COMPETE
2199	177882	CASE
2200	177912	SAFER
2201	177966	SKIL
2202	178042	FORWARD
2203	178189	OGAS
2204	178203	HEALS
2205	178253	PLEA
2206	178272	SENIORS
2207	178300	PACT
2208	178335	SAFE
2209	178384	HEROES
2210	178419	CARD
2211	178443	TRIP
2212	178517	SEARCH
2213	178526	GAS
2214	178530	REFINE
2215	178572	NET
2216	178572	SAFER
2217	178590	LISTEN
2218	178597	PHARM
2219	178615	HEALTH
2220	178629	SAFE
2221	178661	CARE
2222	178689	GROWTH
2223	178746	ASPIRE
2224	178820	IMPACT
2225	178843	THREAT
2226	178870	TRADE
2227	178925	TRUE
2228	178951	PREEMIE
2229	179007	TIME
2230	179038	VEHICLE
2231	179039	HERO
2232	179074	STANDUP
2233	179147	LOAN
2234	179244	DREAM
2235	179287	SHIELD
2236	179405	ANTI
2237	179405	GANG
2238	179459	BOLD
2239	179464	TRADE
2240	179489	HOME
2241	179489	HOPE
2242	179491	EFFECTER
2243	179527	GIVE
2244	179642	CAMRA
2245	179759	HELP
2246	179787	PRICED
2247	179879	PUNT
2248	179977	THRIVE
2249	179992	OILSAVE
2250	180016	IMPORT
2251	180133	STEP
2252	180170	TRUTH
2253	180221	LIFE
2254	180373	CARD
2255	180436	PRICED
2256	180513	AID
2257	180565	HEROES
2258	180582	NOPEC
2259	180611	POWER
2260	180625	SAVE
2261	180676	SMART
2262	180757	PRICE
2263	180780	ACT
2264	180873	PLEA
2265	180951	MAP
2266	180952	SAFE
2267	180952	US
2268	180952	WEB
2269	180971	END
2270	180978	IDEA
2271	181049	FOCUS
2272	181134	ROAD
2273	181164	POWER
2274	181207	VOICE
2275	181244	ART
2276	181247	HOPE
2277	181260	ANGELS
2278	181271	HEALTH
2279	181287	VIP
2280	181293	PACT
2281	181352	EXPENSE
2282	181379	MINER
2283	181382	COPE
2284	181460	HELPS
2285	181462	FOSTER
2286	181565	ICARE
2287	181664	SAFE
2288	181738	VISA
2289	181805	BORDERS
2290	181840	BIOFUEL
2291	181841	CLEAR
2292	181906	FAIR
2293	181955	CORE
2294	181960	PACT
2295	181978	MEDS
2296	182100	CARE
2297	182115	CHEER
2298	182136	LEADERS
2299	182172	ADVANCE
2300	182188	SAFER
2301	182198	ASAP
2302	182222	SERVE
2303	182260	ACE
2304	182331	ACTION
2305	182336	WING
2306	182377	CARE
2307	182386	CORE
2308	182390	STEP
2309	182397	BLOCK
2310	182397	SPY
2311	182406	ADVANCE
2312	182423	GUEST
2313	182423	REAL
2314	182438	COST
2315	182452	PRICE
2316	182480	CARE
2317	182507	CLEAN
2318	182507	UP
2319	182525	CHOICE
2320	182564	LAW
2321	182570	IMPORT
2322	182589	SERVE
2323	182613	PROTECT
2324	182769	VIP
2325	182770	PAY
2326	182770	UP
2327	182774	COP
2328	182798	FREE
2329	182853	RISE
2330	182871	FUEL
2331	182894	IMPACT
2332	182910	GEN
2333	183897	CARE
2334	183914	SMUT
2335	183914	STOP
2336	184872	SEED
2337	185385	PATH
2338	185700	CARE
2339	185725	HOPE
2340	185785	USA
2341	185965	USA
2342	186922	CARE
2343	187377	PATH
2344	188736	CARE
2345	189518	SEED
2346	190664	PATH
2347	192211	SEED
2348	193582	SEED
2349	194247	SMART
2350	194457	SEED
2351	194853	BUG
2352	195074	CARE
2353	195139	PRIME
2354	195145	PRIME
2355	195298	NOPEC
2356	195343	FAIR
2357	195407	CHOICES
2358	195674	NOPEC
2359	195750	LIFE
2360	195769	HELP
2361	195898	FIRST
2362	195977	SAFE
2363	195986	CLASS
2364	196252	WIND
2365	196549	ENFORCE
2366	196558	NICE
2367	196569	CLASS
2368	196580	ME
2369	196580	SHOW
2370	196792	PROTECTION
2371	196815	DEFEAT
2372	196879	BRAIN
2373	197520	EMPOWER
2374	197524	GAINS
2375	197557	CARE
2376	197657	CARE
2377	197687	PATCH
2378	197827	ENFORCE
2379	197915	SAFE
2380	197955	SPICE
2381	197968	HOPE
2382	198004	ATM
2383	198043	SENSE
2384	198205	LIFE
2385	198214	HITEC
2386	198246	SAFE
2387	198246	USA
2388	198432	CUFF
2389	198449	SPICE
2391	198517	HOPE
2392	198525	HELP
2393	198532	FASTNET
2394	198593	ACT
2395	198593	ED
2396	198604	HOPE
2397	198752	REACH
2398	198762	FIRE
2399	198788	GIVE
2400	198792	HELP
2401	198892	TRUTH
2402	198984	SAFE
2403	199027	HOPE
2404	199119	GAAP
2405	199147	WAR
2406	199184	TRIP
2407	199206	PREDICT
2408	199483	TEMPO
2409	199586	ABC
2410	199599	FIRE
2411	199710	FIRE
2412	199724	BLAST
2413	199763	CHART
2414	199908	PIN
2415	199984	TREAD
2416	200166	SHARE
2417	200234	REACH
2418	200274	LIFE
2419	200476	MEND
2420	200835	CLEAR
2421	200904	SAFE
2422	200917	DEED
2423	200927	MERIT
2424	201044	CARE
2425	201130	SAFE
2426	201191	BEST
2427	201226	RARE
2428	201227	LEAP
2429	201341	POWER
2430	201397	PEEP
2431	201500	CUFF
2432	201566	HELP
2433	201630	ACCESS
2434	201692	HOPE
2435	201763	ACE
2436	201863	SOS
2437	201951	KIDS
2438	202177	HOPE
2440	202377	SAF
2441	202620	GREATT
2442	202620	IDEA
2443	202664	PATRIOT
2444	202742	PROTECTION
2445	202815	GAAP
2446	202819	RARE
2447	202869	READY
2448	202964	CARE
2449	202964	TAKE
2450	202988	SAFE
2451	203099	ASSURE
2452	203101	SAFER
2453	203127	SAFE
2454	203217	BASIC
2455	203233	HELP
2456	203345	LEAP
2457	203535	TRUTH
2458	203561	SAVE
2459	203600	ABC
2460	203788	HOPE
2461	203906	CUFF
2462	203915	PATCH
2463	203952	MERIT
2464	204099	HEAL
2465	204118	SAFE
2466	204335	CARE
2467	204349	CLASS
2468	204574	FAIR
2469	204608	WAGE
2470	205022	ORBIT
2471	205054	SWEETEST
2472	205071	ASSURE
2473	205248	SAFER
2474	205287	JUMP
2475	205322	SAFER
2476	205357	TRUTH
2477	205401	AID
2478	205422	MEND
2479	205425	CARE
2480	205527	CIDCARE
2482	205649	HEALTH
2483	205656	PIE
2484	205676	RESTORE
2485	205746	CARS
2486	205786	PATH
2487	205822	MOTHERS
2488	205835	WEAN
2489	205847	SAFER
2490	205856	GIVE
2491	205869	PROTECT
2492	205879	NOPEC
2493	205884	CLEAN
2494	205884	TOWN
2495	205888	SERV
2496	205934	PRICED
2497	205977	HOPE
2498	206024	SAVE
2499	206084	USA
2500	206104	FIRST
2501	206109	FLAME
2502	206133	CARE
2503	206136	POWER
2504	206209	MINER
2505	206259	STEP
2506	206259	UP
2507	206260	FOARAM
2508	206273	GIVE
2509	206284	LIMITS
2510	206317	CARE
2511	206378	FOARAM
2512	206410	PLAY
2513	206425	SEEDS
2514	206488	VETS
2515	206491	HOMES
2516	206499	PROTECT
2517	206506	FAIR
2518	206510	SAVE
2519	206593	AIM
2520	206593	TAKE
2521	206657	REPAIR
2522	206756	COACH
2523	206779	FIT
2524	206820	PATH
2525	206834	LEAF
2526	206916	TEACH
2527	206928	FIT
2528	206967	FREEDOM
2529	206978	PROTECT
2530	207010	SKIL
2531	207075	SAFE
2532	207099	CLEAN
2533	207099	UP
2534	207153	FIRST
2535	207163	LITE
2536	207232	ROAD
2537	207247	IDEA
2538	207266	HANDS
2539	207309	CHESSEA
2540	207353	MATCH
2541	207434	RISE
2542	207440	OVERDUE
2543	207448	EARN
2544	207523	PUNT
2545	207571	LEAD
2546	207575	CLAIM
2547	207627	LIBRARIAN
2548	207628	CAN
2549	207628	DO
2550	207641	JOBS
2551	207641	NEW
2552	207649	CARE
2553	207687	GEAR
2554	207733	PRIME
2555	207852	ACTION
2556	207879	RIDE
2557	207881	HEALTH
2558	207884	RESPONDER
2559	207897	SERV
2560	207928	SAFE
2561	207933	PROTECT
2562	207970	TRADE
2563	208111	FEMA
2564	208127	REAP
2565	208214	PATH
2566	208224	COMBAT
2567	208237	FEAR
2568	208314	GUST
2569	208340	ANGELS
2570	208436	SPACE
2571	208485	SUN
2572	208490	POWER
2573	208518	NOW
2574	208669	FRAUD
2575	208669	STOP
2576	208703	HERO
2577	208735	HERO
2578	208752	GREEN
2579	208762	CLASS
2580	208798	WARM
2581	208877	GAINS
2582	208913	HOME
2583	208969	HALE
2584	209019	PACE
2585	209080	REWARD
2586	209219	HEART
2587	209310	PLAY
2588	209325	NOPEC
2589	209356	ASPIRE
2590	209358	SHOP
2591	209418	PACT
2592	209426	TACT
2593	209439	FOCUS
2594	209472	HEAR
2595	209479	SECTORS
2596	209503	PROUD
2597	209562	PRICE
2598	209573	TRUCC
2599	209580	OILSAVE
2600	209633	OVERSEAS
2601	209641	CURA
2602	209642	SAFE
2603	209648	CUTS
2604	209673	DOES
2605	209702	SEND
2606	209734	LEAD
2607	209758	PROTECT
2608	209796	GRAD
2609	209859	RAISE
2610	209863	PACTS
2611	209866	HONOR
2612	209898	SHOP
2613	209901	REVAMP
2614	209902	RENEWAAL
2615	209939	GITMO
2616	209947	GRADUATES
2617	209966	PACT
2618	209993	GREEN
2619	210057	AID
2620	210086	CLEAR
2621	210091	RENEWAAL
2622	210120	ABC
2623	210135	SECURE
2624	210193	FREE
2625	210214	IDEA
2626	210215	EXTEND
2627	210271	VETS
2628	210292	COOL
2629	210335	ROAD
2630	210358	STRONGR
2631	210370	FOREWARN
2632	210432	MATTERS
2633	210437	ACT
2634	210456	COMPETES
2635	210491	TRADE
2636	210523	CARE
2637	210523	WE
2638	210556	TRAC
2639	210610	COAST
2640	210632	LEAPP
2641	210673	ROAD
2642	210677	CARS
2643	210705	PRECAUTION
2644	210727	HOME
2645	210758	RIPE
2646	210771	TRACE
2647	210804	ROAD
2648	210823	SLICE
2649	210885	PROMISE
2650	210929	VULTURE
2651	210960	ADVANCE
2652	210993	SMART
2653	211022	VET
2654	211044	FELAS
2655	211049	ERA
2656	211049	NEW
2657	211074	WAGE
2658	211079	HOME
2659	211092	CHOICE
2660	211104	SUN
2661	211215	BEST
2662	211247	ARTS
2663	211344	NOURISH
2664	211388	STAND
2665	211439	SAFE
2666	211544	FOARAM
2667	211551	OPEN
2668	211591	SERVE
2669	211597	GIVE
2670	211603	TRUST
2671	211662	AGE
2672	211719	ACCESS
2673	211791	MATCH
2674	211804	ACTION
2675	211822	SHINE
2676	211847	TIRE
2677	211854	DREAM
2678	211870	CARES
2679	211932	ALERT
2680	212007	PORTS
2681	212089	STEP
2682	212109	GREEN
2683	212146	FIRST
2684	212160	FIRST
2685	212180	HOPE
2686	212211	HEART
2687	212279	TRUCC
2688	212321	KIDS
2689	212327	MORE
2690	212339	DATA
2691	212406	FACT
2692	212408	HOME
2693	212410	STEP
2694	212431	FIRST
2695	212439	LEAVE
2696	212507	REMEDY
2697	212517	HOPE
2698	212541	HEATR
2699	212666	CREST
2700	212678	FUEL
2701	212686	HEALTH
2702	212716	GROWTH
2703	212722	COMPETES
2704	212769	BRIGHT
2705	212823	FERA
2706	212829	DETER
2707	212862	NOPEC
2708	212866	ACCESS
2709	212872	HALE
2710	212945	DREAM
2711	212950	STOPP
2712	213037	PATH
2713	213050	HOMERUN
2714	213072	TREE
2715	213117	DREAM
2716	213121	FAST
2717	213200	STAR
2718	213201	PLAY
2719	213212	JADE
2720	213213	FIT
2721	213226	EDUCATE
2722	213272	HOPE
2723	213306	LIBRARIAN
2724	213403	REFRESH
2725	213437	HEARTS
2726	213658	RESPECT
2727	213674	HONOR
2728	213694	PRO
2729	213694	VETS
2730	213721	RECOVER
2731	213738	PROTECHT
2732	213745	HANDS
2733	213834	OPEN
2734	213856	HEATR
2735	213870	PRE
2736	213889	GREEN
2737	213909	ARTS
2738	213924	SAFE
2739	213941	SAVE
2740	213974	PATH
2741	213974	THE
2742	214010	CLEAR
2743	214015	CUT
2744	214038	CARE
2745	214040	MAP
2746	214059	ASPIRE
2747	214072	NET
2748	214072	SAFER
2749	214100	STEP
2750	214100	UP
2751	214142	PLUG
2752	214243	WATER
2753	214264	ECOBAG
2754	214284	RISE
2755	214326	PRECAUTION
2756	214340	PLUS
2757	214369	COAST
2758	214372	EXTEND
2759	214416	SAFE
2760	214426	TRUCC
2761	214437	DRIVE
2762	214502	GROWTH
2763	214503	FRANK
2764	214519	RISE
2765	214549	CARE
2766	214591	ACCESS
2767	214617	VIP
2768	214622	GAINS
2769	214751	POWER
2770	214780	JUSTICE
2771	214791	NOPEC
2772	214845	CAMPUS
2773	214915	FEED
2774	214932	SHOP
2775	215027	HOST
2776	215056	MEDS
2777	215108	CHESSEA
2778	215113	PACT
2779	215113	PRECAUTION
2780	215148	SAFER
2781	215150	GIVE
2782	215185	STAPLE
2783	215187	CLEAR
2784	215227	CLASS
2785	215254	ADOPT
2786	215275	MOVEMENT
2787	215278	DRIVE
2788	215284	IMPACT
2789	215328	PREP
2790	215336	ROAD
2791	215337	TEACH
2792	215355	SEARCH
2793	215358	ENFORCE
2794	215405	LEAN
2795	215473	TRACK
2796	215613	MAP
2797	215625	SPEAK
2798	215626	FAIR
2799	215664	REPAIR
2800	215708	SAVE
2801	215733	HOME
2802	215733	HOPE
2803	215734	SUNSET
2804	215748	FAIR
2805	215773	ADVANCE
2806	215809	KIDS
2807	215813	STEP
2808	215813	UP
2809	215822	SEED
2811	215872	OGAS
2812	215877	TRACE
2813	215899	STOP
2814	215917	CURE
2815	215930	FIND
2816	215981	PACT
2817	215998	AMERICA
2818	216004	EAT
2819	216007	MEAL
2820	216011	COP
2821	216033	PLEA
2822	216038	HEAT
2823	216084	PRO
2824	216084	VETS
2825	216113	GREEN
2826	216162	PACT
2827	216178	VISA
2828	216195	HOME
2829	216197	PROMISE
2830	216202	MADE
2831	216202	USA
2832	216207	PREP
2833	216269	PUMP
2834	216280	SAFE
2835	216317	REPAIR
2836	216322	TARGET
2837	216363	SEARCH
2838	216394	VALOR
2839	216434	ON
2840	216434	TIME
2841	216457	HEARTS
2842	216493	MEAL
2843	216503	SEACOR
2844	216550	COP
2845	216584	SUN
2846	216635	SEAT
2847	216639	SAFE
2848	216650	SAFE
2849	216663	HOMES
2850	216702	STAR
2851	216733	EXPENSE
2852	216743	CURE
2853	216757	NOPEC
2854	216773	MEGA
2855	216798	NOPEC
2856	216860	GREEN
2857	216877	BAILOUTS
2858	216947	ALERTS
2859	216959	SAVE
2860	216964	GIVE
2861	217001	SPEAK
2862	217034	SAFE
2863	217097	CAR
2864	217110	DREAM
2865	217110	JOBS
2866	217110	SKIL
2867	217118	LIFE
2868	217124	RAISE
2869	217178	PRIME
2870	217202	TEAM
2871	217206	SMART
2872	217221	PRICE
2873	217242	WISE
2874	217246	SAFE
2875	217304	PROMISE
2876	217306	PHONE
2877	217338	SAFE
2878	217394	VOTER
2879	217450	BARREL
2880	217475	SUSTAIN
2881	217487	BUILD
2882	217518	FLAME
2883	217545	MATCH
2884	217577	DREAM
2885	217577	JOBS
2886	217577	STRIVE
2887	217589	CORE
2888	217591	LEASE
2889	217610	CARD
2890	217614	LITE
2891	217635	PROGRESS
2892	217734	HEALTH
2893	217765	RECOVER
2894	217796	CAMRA
2895	217848	PLUS
2896	217857	GRADUATES
2897	217866	CORPS
2898	217878	LIGHT
2899	217907	SAFE
2900	217919	HEALTH
2901	217964	PRO
2902	217980	ICARE
2903	218031	AIR
2904	218031	SAFE
2905	218048	FEED
2906	218050	SUCCESS
2907	218064	SERVE
2908	218112	STONE
2909	218134	FAST
2910	218230	PROTECT
2911	218283	LEAN
2912	218295	FELAS
2913	218363	COVERT
2914	218413	RISE
2915	218422	STOP
2916	218514	WESTERN
2917	218542	FEMA
2918	218550	SAFE
2919	218595	RESPECT
2920	218622	SHINE
2921	218628	CARD
2922	218682	TRADE
2923	218737	ROAD
2924	218752	FEDVOTE
2925	218772	FREE
2926	218779	SAFE
2927	218782	EARN
2928	218792	PAY
2929	218792	UP
2930	218837	PRECAUTION
2931	218881	FARM
2932	218911	THREAT
2933	218916	NOPEC
2934	218948	COMPETE
2935	218983	SENSE
2936	218989	COP
2937	218991	PRIME
2938	219038	LAW
2939	219079	NOPEC
2940	219099	PLAY
2941	219173	OPEN
2942	219231	FEAST
2943	219317	SAFE
2944	219327	STATE
2945	219374	RESPONSE
2946	219374	SMART
2947	219376	SLASH
2948	219400	SMASH
2949	219444	SURE
2950	219456	SAFE
2951	219501	HOPE
2952	219532	GREEN
2953	219566	KIDS
2954	219567	OPEN
2955	219569	ASPIRE
2956	219588	VOTER
2957	219589	CARES
2958	219592	CLASS
2959	219595	VETS
2960	219604	SKIL
2961	219609	FAST
2962	219610	SAFE
2963	220696	SAFE
2964	220842	MOMS
2965	221220	AIR
2966	221285	CAREERS
2967	222229	BEST
2968	222468	RIGHT
2969	222753	BOOST
2970	222816	FIRE
2971	223150	CAREERS
2972	223190	SAFER
2973	224339	ASAP
2974	225494	FIST
2975	225817	FAIR
2976	225902	GIVE
2977	241801	GEAR
2978	242316	SOS
2979	242586	VOICE
2981	242820	HERO
2982	243292	FIST
2983	243427	FAIR
2984	243502	HERO
2985	243775	FRIENDSHIP
2986	245008	FRIENDSHIP
2987	245582	SOS
2988	245810	JOBS
2989	246944	KIDS
2990	246944	PRO
2991	247039	FAIR
2992	247048	CAP
2993	247285	FRIENDSHIP
2994	247929	SAFE
2995	247940	KIDS
2996	247940	PRO
2997	249008	CAREERS
2998	249115	GROWTH
2999	249805	CIDCARE
3000	250260	SEE
3001	250313	COMPAC
3002	251145	KIDS
3003	251145	PRO
3004	251299	YOUTHSAVE
3005	251376	EACH
3006	251856	USA
3007	251955	KIDS
3008	251955	PRO
3009	252001	SAFE
3010	28180	USA
3011	28180	PATRIOT
